,kWh,Average Generation Cost,Rate,Date,Power Supplier ID
0,"73,940,954",17.6352,6.3889,Apr-24,1
1,"499,668,979",6.7554,6.3889,Apr-24,2
2,"274,353,355",6.5367,6.3889,Apr-24,3
3,-,-,6.3889,Apr-24,4
4,"286,480,000",6.9822,6.3889,Apr-24,5
5,"11,478,701",3.3122,6.3889,Apr-24,6
6,"139,200,000",3.9240,6.3889,Apr-24,7
7,"45,936,000",4.4442,6.3889,Apr-24,8
8,"106,720,000",5.1630,6.3889,Apr-24,9
9,"28,385,000",5.5294,6.3889,Apr-24,10
10,"10,007,477",4.8408,6.3889,Apr-24,11
11,-,-,6.3889,Apr-24,12
12,"301,278,406",6.7340,6.3889,Apr-24,13
13,"202,433,900",5.9056,6.3889,Apr-24,14
14,"206,780,154",6.6211,6.3889,Apr-24,15
15,"732,979,397",5.5124,6.3889,Apr-24,16
16,"2,923,747,105",6.3882,6.3889,Apr-24,17
17,"45,502,500",20.2153,5.4735,Apr-18,1
18,"621,004,000",4.6142,5.4735,Apr-18,2
19,"319,018,000",4.5549,5.4735,Apr-18,3
20,"35,627,158",6.6683,5.4735,Apr-18,18
21,"140,045,000",5.3447,5.4735,Apr-18,19
22,"534,746,150",4.4421,5.4735,Apr-18,20
23,"161,271,878",5.1742,5.4735,Apr-18,21
24,"191,753,260",5.4366,5.4735,Apr-18,22
25,"46,290,740",8.9283,5.4735,Apr-18,23
26,-,0.0000,5.4735,Apr-18,24
27,"172,105",5.0056,5.4735,Apr-18,25
28,"33,301,980",4.0472,5.4735,Apr-18,26
29,"384,130,635",6.3774,5.4735,Apr-18,27
30,"2,513,116,227",5.3612,5.4735,Apr-18,17
31,"277,122,000",5.5182,5.3491,Aug-18,1
32,"593,226,000",5.0388,5.3491,Aug-18,2
33,"330,625,000",4.8846,5.3491,Aug-18,3
34,"169,220,000",4.1209,5.3491,Aug-18,18
35,"55,310,000",10.7233,5.3491,Aug-18,19
36,"414,652,000",5.5389,5.3491,Aug-18,20
37,"135,120,000",6.0809,5.3491,Aug-18,21
38,"140,934,600",6.6090,5.3491,Aug-18,22
39,"117,755",5.0056,5.3491,Aug-18,25
40,"31,045,000",6.3275,5.3491,Aug-18,26
41,"209,315,079",4.6515,5.3491,Aug-18,4
42,"309,809,324",5.1919,5.3491,Aug-18,27
43,"2,666,741,062",5.3451,5.3491,Aug-18,17
44,"314,584,000",4.4134,4.6171,Jun-21,1
45,"636,804,926",4.6630,4.6171,Jun-21,2
46,"331,602,730",4.0380,4.6171,Jun-21,3
47,"249,844,722",4.2653,4.6171,Jun-21,4
48,"327,992,141",4.0659,4.6171,Jun-21,5
49,"144,000,000",5.5778,4.6171,Jun-21,7
50,"201,960,000",4.1702,4.6171,Jun-21,22
51,"410,040,000",4.2367,4.6171,Jun-21,28
52,"47,520,000",6.3396,4.6171,Jun-21,8
53,"125,280,000",5.3622,4.6171,Jun-21,29
54,"43,200,000",5.3513,4.6171,Jun-21,30
55,"70,035,847",3.4854,4.6171,Jun-21,31
56,"190,021,889",6.4609,4.6171,Jun-21,27
57,"3,094,026,395",4.5765,4.6171,Jun-21,17
58,"309,955,000",4.9534,4.3413,Jun-20,1
59,"656,894,368",4.3778,4.3413,Jun-20,2
60,"343,346,515",4.1353,4.3413,Jun-20,3
61,"117,816,000",3.5071,4.3413,Jun-20,21
62,"214,897,906",4.0973,4.3413,Jun-20,4
63,"265,822,350",4.1389,4.3413,Jun-20,5
64,"128,959,914",4.8569,4.3413,Jun-20,7
65,"190,786,609",4.0459,4.3413,Jun-20,22
66,"387,466,894",4.0459,4.3413,Jun-20,28
67,-,-,4.3413,Jun-20,8
68,"40,954,050",4.0459,4.3413,Jun-20,29
69,"55,682,187",3.6789,4.3413,Jun-20,31
70,"69,234,799",5.3213,4.3413,Jun-20,27
71,"2,782,611,135",4.2885,4.3413,Jun-20,17
72,"268,291,000",5.4375,4.9620,Aug-19,1
73,"569,817,180",4.8512,4.9620,Aug-19,2
74,"332,363,773",4.5578,4.9620,Aug-19,3
76,"141,777,630",4.9685,4.9620,Aug-19,19
77,"454,715,250",5.3256,4.9620,Aug-19,20
78,"144,564,000",5.1571,4.9620,Aug-19,21
79,"162,485,000",5.8245,4.9620,Aug-19,22
80,"789,595",4.9221,4.9620,Aug-19,25
81,"25,035,000",4.7378,4.9620,Aug-19,26
82,"266,821,568",4.2538,4.9620,Aug-19,4
83,"185,742,824",1.8093,4.9620,Aug-19,5
84,"1,419,184",45.9529,4.9620,Aug-19,32
85,"13,921,028",17.5851,4.9620,Aug-19,23
86,,,4.9620,Aug-19,33
88,"321,752,680",5.8347,4.9620,Aug-19,27
89,"2,890,196,119",4.9518,4.9620,Aug-19,17
90,"241,321,200",6.3225,5.6322,Apr-19,1
91,"513,825,709",5.6431,5.6322,Apr-19,2
92,"281,078,743",5.3947,5.6322,Apr-19,3
94,"158,028,930",4.9126,5.6322,Apr-19,19
95,"481,161,150",5.3513,5.6322,Apr-19,20
96,"144,657,000",5.5488,5.6322,Apr-19,21
97,"165,065,000",5.9820,5.6322,Apr-19,22
98,"682,456",5.0056,5.6322,Apr-19,25
99,"25,775,000",6.3084,5.6322,Apr-19,26
100,"232,263,001",4.4842,5.6322,Apr-19,4
102,"259,213,113",6.9378,5.6322,Apr-19,27
103,"2,503,572,609",5.6286,5.6322,Apr-19,17
104,"282,411,659",8.0253,6.5590,Jun-22,1
105,"619,778,300",7.6401,6.5590,Jun-22,2
106,"333,321,176",6.8429,6.5590,Jun-22,3
107,"209,874,893",5.4580,6.5590,Jun-22,4
108,"228,538,983",9.4482,6.5590,Jun-22,5
109,"144,000,000",4.7426,6.5590,Jun-22,7
110,"202,898,000",4.1794,6.5590,Jun-22,22
111,"411,945,000",4.6621,6.5590,Jun-22,28
112,"47,520,000",6.3237,6.5590,Jun-22,8
113,"121,840,000",5.8475,6.5590,Jun-22,29
114,"36,917,000",5.4877,6.5590,Jun-22,30
115,"93,307,507",3.3094,6.5590,Jun-22,31
116,"368,170,592",6.9253,6.5590,Jun-22,27
117,"3,102,520,630",6.5189,6.5590,Jun-22,17
118,"236,838,299",11.3869,7.2502,Jun-23,1
119,"684,244,621",6.2195,7.2502,Jun-23,2
120,"364,672,479",5.7558,7.2502,Jun-23,3
121,"281,984,410",5.0904,7.2502,Jun-23,4
122,"259,606,718",9.6069,7.2502,Jun-23,5
123,"11,821,883",3.2111,7.2502,Jun-23,6
124,"143,641,000",4.8369,7.2502,Jun-23,7
125,"216,696,000",3.9990,7.2502,Jun-23,22
126,"47,520,000",5.3729,7.2502,Jun-23,8
127,"105,938,000",5.1414,7.2502,Jun-23,29
128,"41,241,000",5.4126,7.2502,Jun-23,10
129,"9,422,571",4.8678,7.2502,Jun-23,11
130,-,,7.2502,Jun-23,12
131,"345,600,000",7.0013,7.2502,Jun-23,34
132,"249,920,667",8.6965,7.2502,Jun-23,14
133,"398,997,571",10.9371,7.2502,Jun-23,16
134,"3,395,113,690",7.2511,7.2502,Jun-23,17
135,"12,302,505",63.9789,5.8724,Apr-22,35
136,"613,501,915",6.5706,5.8724,Apr-22,2
137,"207,060,963",6.2408,5.8724,Apr-22,3
138,"161,398,686",5.8734,5.8724,Apr-22,4
139,"256,368,845",6.4840,5.8724,Apr-22,5
140,"134,400,000",3.7983,5.8724,Apr-22,7
141,"194,251,000",3.3572,5.8724,Apr-22,22
142,"394,388,000",3.6297,5.8724,Apr-22,28
143,"44,352,000",4.4231,5.8724,Apr-22,8
144,"116,928,000",5.3049,5.8724,Apr-22,29
145,"34,235,000",5.5024,5.8724,Apr-22,30
146,"47,583,648",4.5028,5.8724,Apr-22,36
147,"465,907,394",7.3529,5.8724,Apr-22,27
148,"2,684,382,788",5.8369,5.8724,Apr-22,17
149,"254,542,438",12.2380,6.5812,Aug-22,1
150,"656,239,391",6.3637,6.5812,Aug-22,2
151,"343,330,355",6.0403,6.5812,Aug-22,3
152,"293,989,365",5.3948,6.5812,Aug-22,4
153,"281,107,862",9.8260,6.5812,Aug-22,5
154,"144,000,000",4.4895,6.5812,Aug-22,7
155,"184,554,000",3.6860,6.5812,Aug-22,22
156,"374,643,000",4.2113,6.5812,Aug-22,28
157,"47,520,000",3.4947,6.5812,Aug-22,8
158,"95,532,000",5.2448,6.5812,Aug-22,29
159,"33,323,000",5.4176,6.5812,Aug-22,30
160,"85,813,309",2.9615,6.5812,Aug-22,31
161,"143,126,189",10.9335,6.5812,Aug-22,27
162,"2,943,820,522",6.5544,6.5812,Aug-22,17
163,"220,330,170",10.1284,6.3929,Aug-23,1
164,"609,059,291",5.9128,6.3929,Aug-23,2
165,"318,244,503",5.6863,6.3929,Aug-23,3
166,"269,266,411",4.8675,6.3929,Aug-23,4
167,"225,478,680",9.3565,6.3929,Aug-23,5
168,"10,039,666",3.2037,6.3929,Aug-23,6
169,"144,000,000",4.4491,6.3929,Aug-23,7
170,"185,182,000",3.9021,6.3929,Aug-23,37
171,"47,520,000",4.9354,6.3929,Aug-23,8
172,"100,863,000",5.1236,6.3929,Aug-23,29
173,"32,500,000",5.5294,6.3929,Aug-23,10
174,"6,517,840",4.8789,6.3929,Aug-23,11
175,-,-,6.3929,Aug-23,12
176,"345,600,000",6.0636,6.3929,Aug-23,34
177,"127,164,000",8.4294,6.3929,Aug-23,14
178,"522,324,496",6.9901,6.3929,Aug-23,16
179,"3,162,988,018",6.3941,6.3929,Aug-23,17
180,"89,432,373",20.3130,7.3295,Apr-23,1
181,"500,374,179",6.8541,7.3295,Apr-23,2
182,"112,513,634",9.7168,7.3295,Apr-23,3
183,"248,939,050",5.3195,7.3295,Apr-23,4
184,"220,628,420",11.9183,7.3295,Apr-23,5
185,"11,933,203",3.1158,7.3295,Apr-23,6
186,"134,400,000",3.9792,7.3295,Apr-23,7
187,"219,333,000",3.9274,7.3295,Apr-23,22
188,"44,352,000",4.5100,7.3295,Apr-23,8
189,"116,387,000",4.6561,7.3295,Apr-23,29
190,"35,154,000",5.4126,7.3295,Apr-23,10
191,"10,615,021",4.7175,7.3295,Apr-23,11
192,-,-,7.3295,Apr-23,12
193,-,-,7.3295,Apr-23,38
194,"827,490,586",7.1817,7.3295,Apr-23,16
195,"2,574,613,644",7.3281,7.3295,Apr-23,17
196,"243,182,000",5.3572,4.5370,Apr-21,1
197,"488,665,827",4.4263,4.5370,Apr-21,2
198,"251,177,404",4.3459,4.5370,Apr-21,3
199,"236,202,063",3.7183,4.5370,Apr-21,4
200,"144,075,462",4.6969,4.5370,Apr-21,5
201,"134,400,000",4.5808,4.5370,Apr-21,7
202,"167,414,000",4.2367,4.5370,Apr-21,22
203,"339,030,000",4.2367,4.5370,Apr-21,28
204,"44,352,000",4.9873,4.5370,Apr-21,8
205,"116,928,000",4.0170,4.5370,Apr-21,29
206,"40,320,000",5.3628,4.5370,Apr-21,30
207,"54,618,036",3.9207,4.5370,Apr-21,31
208,"283,364,345",5.0600,4.5370,Apr-21,27
209,"2,544,650,200",4.4928,4.5370,Apr-21,17
210,"223,750,900",6.6452,4.9322,Aug-21,1
211,"615,214,855",5.2012,4.9322,Aug-21,2
212,"301,589,882",4.7763,4.9322,Aug-21,3
214,"195,310,606",5.3251,4.9322,Aug-21,4
215,"301,220,871",5.1940,4.9322,Aug-21,5
216,"144,000,000",4.3321,4.9322,Aug-21,7
217,"188,173,360",3.4943,4.9322,Aug-21,22
218,"381,895,890",3.6820,4.9322,Aug-21,28
219,"47,520,000",3.4947,4.9322,Aug-21,8
220,"112,080,000",4.5919,4.9322,Aug-21,29
221,"41,805,740",5.4657,4.9322,Aug-21,30
222,"69,143,377",4.0681,4.9322,Aug-21,31
224,"174,214,730",6.0521,4.9322,Aug-21,27
225,"2,796,851,263",4.8871,4.9322,Aug-21,17
226,"269,651,000",5.3284,4.9828,Jun-18,1
227,"618,489,000",4.7773,4.9828,Jun-18,2
228,"319,844,000",4.8466,4.9828,Jun-18,3
229,"149,767,010",4.0162,4.9828,Jun-18,18
230,"174,600,000",4.8832,4.9828,Jun-18,19
231,"609,755,490",4.4928,4.9828,Jun-18,20
232,"135,524,000",5.1727,4.9828,Jun-18,21
233,"214,775,000",5.2626,4.9828,Jun-18,22
234,"19,816,196",13.2265,4.9828,Jun-18,23
235,"242,942",5.0056,4.9828,Jun-18,25
236,"46,900,000",5.0083,4.9828,Jun-18,26
237,"443,266,119",5.5901,4.9828,Jun-18,27
238,"3,002,966,201",4.9766,4.9828,Jun-18,17
239,"150,031,287",9.4958,5.0036,Jun-24,1
240,"618,341,373",6.8392,5.0036,Jun-24,2
241,"361,088,861",6.1182,5.0036,Jun-24,3
242,"326,635,100",5.2760,5.0036,Jun-24,5
243,"14,287,933",3.3122,5.0036,Jun-24,6
244,"144,000,000",4.9763,5.0036,Jun-24,7
245,"47,520,000",5.5153,5.0036,Jun-24,8
246,"113,100,000",5.3779,5.0036,Jun-24,9
247,"38,990,000",5.5294,5.0036,Jun-24,10
248,"10,801,694",(1.3929),5.0036,Jun-24,11
249,-,-,5.0036,Jun-24,12
250,"753,166,372",6.9456,5.0036,Jun-24,39
251,"1,265,784,119",2.2026,5.0036,Jun-24,16
252,"3,849,309,985",5.0056,5.0036,Jun-24,17
253,"298,905,000",5.3200,5.4158,Jun-19,1
254,"619,646,381",4.9969,5.4158,Jun-19,2
255,"336,831,474",4.8524,5.4158,Jun-19,3
257,"186,310,000",4.4132,5.4158,Jun-19,19
258,"610,692,580",4.8682,5.4158,Jun-19,20
259,"89,876,000",5.0468,5.4158,Jun-19,21
260,"222,943,000",5.0718,5.4158,Jun-19,22
261,"738,346",5.0056,5.4158,Jun-19,25
262,"40,565,000",4.3691,5.4158,Jun-19,26
263,"279,087,079",4.2563,5.4158,Jun-19,4
264,"63,866,454",3.3231,5.4158,Jun-19,5
265,"6,051,730",22.0424,5.4158,Jun-19,32
266,"24,571,487",11.3151,5.4158,Jun-19,23
267,,,5.4158,Jun-19,33
269,"290,308,770",10.1633,5.4158,Jun-19,27
270,"3,071,159,479",5.4101,5.4158,Jun-19,17
271,"161,951,000",6.7230,4.1241,Aug-20,1
272,"515,787,067",4.2152,4.1241,Aug-20,2
273,"302,445,235",3.9814,4.1241,Aug-20,3
274,"35,412,000",3.3563,4.1241,Aug-20,21
275,"153,296,415",4.5822,4.1241,Aug-20,4
276,"315,695,849",4.1512,4.1241,Aug-20,5
277,"144,000,000",5.1561,4.1241,Aug-20,7
278,"190,830,000",4.1070,4.1241,Aug-20,22
279,"389,570,000",4.1496,4.1241,Aug-20,28
280,"47,520,000",6.4435,4.1241,Aug-20,8
281,"125,280,000",4.9035,4.1241,Aug-20,29
282,"12,960,000",4.2366,4.1241,Aug-20,30
283,"46,177,791",3.9600,4.1241,Aug-20,31
284,"446,475,567",2.4210,4.1241,Aug-20,27
285,"2,888,029,630",4.1494,4.1241,Aug-20,17
286,"173,979,000",7.1493,4.6385,Apr-20,1
287,"535,755,905",4.9576,4.6385,Apr-20,2
288,"260,413,285",4.8643,4.6385,Apr-20,3
290,"110,030,000",4.4448,4.6385,Apr-20,21
291,"184,530,777",4.9834,4.6385,Apr-20,4
292,"283,298,188",4.4667,4.6385,Apr-20,5
293,"103,950,000",4.2366,4.6385,Apr-20,7
294,"171,510,000",4.0089,4.6385,Apr-20,22
295,"349,580,000",4.0459,4.6385,Apr-20,28
296,"37,620,000",4.2366,4.6385,Apr-20,8
297,"22,330,000",4.0459,4.6385,Apr-20,29
298,"45,961,135",5.1993,4.6385,Apr-20,31
300,"278,991,850",3.1579,4.6385,Apr-20,27
301,"2,558,614,313",4.5946,4.6385,Apr-20,17
302,"166,126,547",9.8441,6.5332,Dec-23,1
303,"549,122,108",6.6428,6.5332,Dec-23,2
304,"265,577,134",6.8200,6.5332,Dec-23,3
305,"227,847,071",5.9246,6.5332,Dec-23,4
306,"142,258,058",9.1315,6.5332,Dec-23,5
307,"11,614,577",3.3094,6.5332,Dec-23,6
308,"148,800,000",4.4126,6.5332,Dec-23,7
309,"49,104,000",5.0551,6.5332,Dec-23,8
310,"100,080,000",5.1492,6.5332,Dec-23,29
311,"34,271,000",5.5294,6.5332,Dec-23,10
312,"9,747,833",4.8530,6.5332,Dec-23,11
313,-,-,6.5332,Dec-23,12
314,"318,699,611",8.7260,6.5332,Dec-23,13
315,"215,394,667",6.3805,6.5332,Dec-23,14
316,"218,697,613",8.0535,6.5332,Dec-23,15
317,"626,035,607",4.4601,6.5332,Dec-23,16
318,"3,086,455,044",6.5343,6.5332,Dec-23,17
319,"229,269,314",11.6435,6.7975,Dec-22,1
320,"573,989,967",6.9039,6.7975,Dec-22,2
321,"369,821,991",6.3805,6.7975,Dec-22,3
322,"296,785,692",5.4296,6.7975,Dec-22,4
323,"212,349,517",13.1129,6.7975,Dec-22,5
324,"148,800,000",4.4375,6.7975,Dec-22,7
325,"201,995,000",4.0056,6.7975,Dec-22,22
326,"393,116,000",4.2698,6.7975,Dec-22,28
327,"49,104,000",4.7883,6.7975,Dec-22,8
328,"106,615,000",5.1977,6.7975,Dec-22,29
329,"37,008,000",5.4126,6.7975,Dec-22,10
330,"49,351,000",2.3288,6.7975,Dec-22,26
331,"17,738,798",2.6674,6.7975,Dec-22,31
332,"191,679,959",9.8046,6.7975,Dec-22,16
333,"2,879,326,644",6.7998,6.7975,Dec-22,17
334,"167,875,000",7.5490,4.5406,Oct-19,1
335,"624,616,521",4.8965,4.5406,Oct-19,2
336,"322,697,380",4.6884,4.5406,Oct-19,3
338,"130,909,910",4.9612,4.5406,Oct-19,19
339,"376,219,000",5.6789,4.5406,Oct-19,20
340,"128,512,000",5.5567,4.5406,Oct-19,21
341,"132,143,330",6.6294,4.5406,Oct-19,22
342,"162,407,670",5.5452,4.5406,Oct-19,4
343,"229,126,801",1.7385,4.5406,Oct-19,5
344,"38,953,834",8.3555,4.5406,Oct-19,31
346,"473,002,560",1.6554,4.5406,Oct-19,27
347,"2,787,563,102",4.5287,4.5406,Oct-19,17
348,"175,409,300",7.7647,5.8939,Feb-19,1
349,"588,055,944",5.2272,5.8939,Feb-19,2
350,"325,455,347",5.0764,5.8939,Feb-19,3
352,,,5.8939,Feb-19,40
353,"58,370,750",11.5124,5.8939,Feb-19,19
354,"478,922,000",5.5761,5.8939,Feb-19,20
355,"130,878,000",6.3283,5.8939,Feb-19,21
356,"149,501,600",6.9103,5.8939,Feb-19,22
357,"976,334",5.0056,5.8939,Feb-19,25
358,"1,680,003",3.3417,5.8939,Feb-19,26
359,"77,376,896",9.3399,5.8939,Feb-19,4
361,"449,255,097",5.1385,5.8939,Feb-19,27
362,"2,436,201,261",5.8843,5.8939,Feb-19,17
363,"161,366,000",6.5607,4.1516,Dec-20,1
364,"562,316,435",3.8548,4.1516,Dec-20,2
365,"301,168,589",3.7776,4.1516,Dec-20,3
366,"58,955,000",6.7812,4.1516,Dec-20,21
367,"55,556,304",8.8128,4.1516,Dec-20,4
368,"304,414,947",3.9010,4.1516,Dec-20,5
369,"148,800,000",4.4036,4.1516,Dec-20,7
370,"191,510,000",3.8197,4.1516,Dec-20,22
371,"388,810,000",3.8197,4.1516,Dec-20,28
372,"49,104,000",5.2514,4.1516,Dec-20,8
373,"101,666,400",4.9160,4.1516,Dec-20,29
374,"35,100,000",4.2366,4.1516,Dec-20,30
375,"37,754,973",4.6052,4.1516,Dec-20,31
376,"225,193,298",2.0987,4.1516,Dec-20,27
377,"2,622,335,839",4.1444,4.1516,Dec-20,17
378,"264,988,000",5.9511,5.5343,Dec-21,1
379,"483,167,462",7.0121,5.5343,Dec-21,2
380,"364,540,389",4.9365,5.5343,Dec-21,3
381,"110,015,872",4.6181,5.5343,Dec-21,4
382,"240,526,366",6.9180,5.5343,Dec-21,5
383,"148,800,000",3.9890,5.5343,Dec-21,7
384,"181,243,000",4.0790,5.5343,Dec-21,22
385,"368,149,000",3.9554,5.5343,Dec-21,28
386,"49,104,000",4.9873,5.5343,Dec-21,8
387,"109,513,000",6.1163,5.5343,Dec-21,29
388,"35,497,000",5.2998,5.5343,Dec-21,30
389,"85,510,515",4.7667,5.5343,Dec-21,31
390,"468,318,042",5.7380,5.5343,Dec-21,27
391,"2,910,534,576",5.4987,5.5343,Dec-21,17
392,"229,009,000",5.9064,(0.2689),Feb-18,1
393,"494,550,000",5.0016,(0.2689),Feb-18,2
394,"274,915,000",4.8780,(0.2689),Feb-18,3
395,"113,957,941",4.2551,(0.2689),Feb-18,18
396,"97,400,000",6.8812,(0.2689),Feb-18,19
397,"465,503,300",4.7449,(0.2689),Feb-18,20
398,"146,216,000",5.6077,(0.2689),Feb-18,21
399,"163,575,000",6.1910,(0.2689),Feb-18,22
400,"7,036,727",23.6969,(0.2689),Feb-18,23
401,-,0.0000,(0.2689),Feb-18,41
402,"868,000",22.5704,(0.2689),Feb-18,24
403,"56,311",5.0056,(0.2689),Feb-18,25
404,"2,425,500",7.0787,(0.2689),Feb-18,26
405,"460,264,597",3.2892,(0.2689),Feb-18,27
406,"2,456,044,667",4.9190,(0.2689),Feb-18,17
407,"164,457,464",12.0518,7.1020,Feb-24,1
408,"523,688,953",8.3166,7.1020,Feb-24,2
409,"256,250,145",7.8772,7.1020,Feb-24,3
410,"188,269,984",6.4288,7.1020,Feb-24,4
411,"45,193,222",11.2620,7.1020,Feb-24,5
412,"10,669,421",3.3124,7.1020,Feb-24,6
413,"148,800,000",3.6739,7.1020,Feb-24,7
414,"49,104,000",4.4788,7.1020,Feb-24,8
415,"99,989,000",5.2129,7.1020,Feb-24,29
416,"30,586,000",5.5294,7.1020,Feb-24,10
417,"9,884,714",4.8562,7.1020,Feb-24,11
418,-,-,7.1020,Feb-24,12
419,"324,101,000",8.9100,7.1020,Feb-24,13
420,"218,837,000",6.1696,7.1020,Feb-24,14
421,"222,469,000",8.4536,7.1020,Feb-24,15
422,"586,328,678",4.6141,7.1020,Feb-24,16
423,"2,879,695,235",7.1033,7.1020,Feb-24,17
424,"210,319,000",6.7133,5.1908,Oct-18,1
425,"605,120,000",5.2631,5.1908,Oct-18,2
426,"324,768,000",5.0754,5.1908,Oct-18,3
427,"182,470,000",4.1979,5.1908,Oct-18,42
428,"40,950,000",13.7889,5.1908,Oct-18,19
429,"450,392,800",5.5097,5.1908,Oct-18,20
430,"122,840,000",7.0411,5.1908,Oct-18,21
431,"21,564,160",9.7965,5.1908,Oct-18,22
432,"334,729",5.0056,5.1908,Oct-18,25
433,"28,630,000",7.1141,5.1908,Oct-18,26
434,"153,989,303",5.7075,5.1908,Oct-18,4
435,"631,516,242",3.4132,5.1908,Oct-18,27
436,"2,773,259,560",5.1834,5.1908,Oct-18,17
437,"241,786,000",5.2363,4.2233,Oct-20,1
438,"455,189,340",4.6078,4.2233,Oct-20,2
439,"297,607,724",4.0716,4.2233,Oct-20,3
440,"185,950,000",3.0055,4.2233,Oct-20,21
441,"50,854,691",6.5422,4.2233,Oct-20,4
442,"218,776,119",4.2137,4.2233,Oct-20,5
443,"148,800,000",4.2800,4.2233,Oct-20,7
444,"185,230,000",4.1496,4.2233,Oct-20,22
445,"377,880,000",4.1496,4.2233,Oct-20,28
446,"49,104,000",4.8891,4.2233,Oct-20,8
447,"97,467,000",5.2459,4.2233,Oct-20,29
448,"33,800,000",4.2366,4.2233,Oct-20,30
449,"54,228,770",3.9511,4.2233,Oct-20,31
450,"566,644,802",3.5668,4.2233,Oct-20,27
451,"2,963,771,515",4.2161,4.2233,Oct-20,17
452,"114,151,600",10.2097,4.5090,Feb-20,1
453,"546,262,425",4.8581,4.5090,Feb-20,2
454,"293,801,777",4.7156,4.5090,Feb-20,3
456,"139,709,691",3.8614,4.5090,Feb-20,21
457,"50,629,379",5.6499,4.5090,Feb-20,4
458,"264,833,022",4.3634,4.5090,Feb-20,5
459,"99,720,000",4.2366,4.5090,Feb-20,43
460,"153,291,667",3.8913,4.5090,Feb-20,44
461,"286,651,799",4.0459,4.5090,Feb-20,45
462,"35,575,053",12.9563,4.5090,Feb-20,36
464,"606,407,473",3.0529,4.5090,Feb-20,27
465,"2,592,350,665",4.5054,4.5090,Feb-20,17
466,"242,715,900",5.7240,5.1967,Dec-19,1
467,"604,924,272",5.1654,5.1967,Dec-19,2
468,"237,352,379",5.2025,5.1967,Dec-19,3
470,"107,243,480",6.5976,5.1967,Dec-19,19
471,"448,742,960",5.3569,5.1967,Dec-19,20
472,"146,076,000",4.9200,5.1967,Dec-19,21
473,"139,882,670",4.4473,5.1967,Dec-19,22
474,"256,172,036",4.3948,5.1967,Dec-19,4
475,"304,865,809",3.9132,5.1967,Dec-19,5
476,"62,990,309",5.1942,5.1967,Dec-19,31
478,"297,549,335",6.5369,5.1967,Dec-19,27
479,"2,849,493,190",5.1920,5.1967,Dec-19,17
480,"224,067,000",6.1767,5.3303,Dec-18,1
481,"629,126,581",5.0935,5.3303,Dec-18,2
482,"194,702,413",6.0907,5.3303,Dec-18,3
484,"182,625,000",4.1664,5.3303,Dec-18,42
485,"72,930,000",8.7697,5.3303,Dec-18,19
486,"436,629,460",5.5552,5.3303,Dec-18,20
487,"98,004,000",7.5231,5.3303,Dec-18,21
488,"122,651,000",8.0332,5.3303,Dec-18,22
489,"678,659",5.0056,5.3303,Dec-18,25
490,"29,015,000",6.5463,5.3303,Dec-18,26
491,"217,066,473",5.1796,5.3303,Dec-18,4
493,"563,163,839",3.7409,5.3303,Dec-18,27
494,"2,771,031,400",5.3227,5.3303,Dec-18,17
495,"156,566,100",7.2987,4.4152,Feb-21,1
496,"506,526,737",4.2749,4.4152,Feb-21,2
497,"291,825,099",4.0807,4.4152,Feb-21,3
498,-,-,4.4152,Feb-21,46
499,"183,726,356",4.5711,4.4152,Feb-21,4
500,"294,998,642",4.0251,4.4152,Feb-21,5
501,"148,000,000",4.6067,4.4152,Feb-21,7
502,"147,905,000",4.2359,4.4152,Feb-21,22
503,"301,530,000",4.2355,4.4152,Feb-21,28
504,"49,104,000",5.0386,4.4152,Feb-21,8
505,"109,248,500",4.8015,4.4152,Feb-21,29
506,"37,396,000",6.1181,4.4152,Feb-21,30
507,"21,604,080",2.2224,4.4152,Feb-21,36
508,"173,058,400",2.4429,4.4152,Feb-21,27
509,"2,422,164,722",4.3704,4.4152,Feb-21,17
510,"154,124,000",7.8469,5.0435,Oct-21,1
511,"606,012,934",4.8404,5.0435,Oct-21,2
512,"276,658,094",5.3183,5.0435,Oct-21,3
514,"121,654,142",6.0251,5.0435,Oct-21,4
515,"259,237,847",6.0668,5.0435,Oct-21,5
516,"148,800,000",3.9932,5.0435,Oct-21,7
517,"199,272,000",4.0849,5.0435,Oct-21,22
518,"404,572,000",4.4413,5.0435,Oct-21,28
519,"49,104,000",5.3555,5.0435,Oct-21,8
520,"107,880,000",5.3096,5.0435,Oct-21,29
521,"31,992,000",5.5166,5.0435,Oct-21,30
522,"58,114,339",5.1555,5.0435,Oct-21,31
524,"375,526,468",4.0956,5.0435,Oct-21,27
525,"2,794,030,155",5.0034,5.0435,Oct-21,17
526,"169,296,706",11.9160,7.1267,Oct-23,1
527,"594,768,138",7.1159,7.1267,Oct-23,2
528,"344,603,398",6.3051,7.1267,Oct-23,3
529,"197,782,587",5.7078,7.1267,Oct-23,4
530,"236,813,684",9.3326,7.1267,Oct-23,5
531,"9,376,946",3.2497,7.1267,Oct-23,6
532,"148,800,000",4.4811,7.1267,Oct-23,7
533,"49,104,000",5.1267,7.1267,Oct-23,8
534,"108,749,000",5.3553,7.1267,Oct-23,29
535,"35,743,000",5.5294,7.1267,Oct-23,10
536,"8,296,826",4.8636,7.1267,Oct-23,11
537,-,-,7.1267,Oct-23,12
538,"292,097,502",8.9720,7.1267,Oct-23,13
539,"228,296,667",6.0008,7.1267,Oct-23,14
540,"174,399,104",9.0857,7.1267,Oct-23,15
541,"574,630,204",6.1292,7.1267,Oct-23,16
542,"3,175,947,847",7.1285,7.1267,Oct-23,17
543,"116,704,871",18.0212,6.9154,Feb-23,1
544,"527,940,385",6.4525,6.9154,Feb-23,2
545,"297,698,644",6.1103,6.9154,Feb-23,3
546,"259,674,039",5.2281,6.9154,Feb-23,4
547,"139,342,702",16.6908,6.9154,Feb-23,5
548,"148,800,000",4.1888,6.9154,Feb-23,7
549,"202,594,000",4.1233,6.9154,Feb-23,22
550,-,-,6.9154,Feb-23,28
551,"49,104,000",4.6729,6.9154,Feb-23,8
552,"111,706,000",4.6017,6.9154,Feb-23,29
553,"35,470,000",5.4126,6.9154,Feb-23,10
554,-,-,6.9154,Feb-23,26
555,"220,498,255",5.9600,6.9154,Feb-23,38
556,"18,080,564",2.9559,6.9154,Feb-23,31
557,"402,157,992",6.7484,6.9154,Feb-23,16
558,"2,529,489,659",6.9150,6.9154,Feb-23,17
559,"314,889,000",6.0599,5.1957,Feb-22,1
560,"611,712,007",5.7353,5.1957,Feb-22,2
561,"318,714,168",5.2202,5.1957,Feb-22,3
563,"133,779,434",4.3951,5.1957,Feb-22,4
564,"62,948,427",7.9274,5.1957,Feb-22,5
565,"148,800,000",4.1888,5.1957,Feb-22,7
566,"178,988,000",4.1764,5.1957,Feb-22,22
567,"363,188,000",4.2714,5.1957,Feb-22,28
568,"49,104,000",4.3642,5.1957,Feb-22,8
569,"108,119,000",4.9880,5.1957,Feb-22,29
570,"36,753,000",5.4885,5.1957,Feb-22,30
571,"49,490,457",4.7678,5.1957,Feb-22,31
573,"9,006,636",(6.5386),5.1957,Feb-22,27
574,"2,386,968,987",5.1547,5.1957,Feb-22,17
575,"281,996,550",11.6257,6.9192,Oct-22,1
576,"737,712,704",6.8399,6.9192,Oct-22,2
577,"386,824,344",6.7064,6.9192,Oct-22,3
578,"293,567,019",5.8617,6.9192,Oct-22,4
579,"211,746,335",11.7711,6.9192,Oct-22,5
580,"148,800,000",4.4812,6.9192,Oct-22,7
581,"187,850,000",3.9097,6.9192,Oct-22,22
582,"381,550,000",4.3126,6.9192,Oct-22,28
583,"49,104,000",4.8563,6.9192,Oct-22,8
584,"105,717,000",5.2514,6.9192,Oct-22,29
585,"36,686,000",5.4126,6.9192,Oct-22,10
586,"52,080,000",2.3309,6.9192,Oct-22,26
587,"18,780,449",3.8997,6.9192,Oct-22,31
588,"130,930,694",11.9990,6.9192,Oct-22,16
589,"3,024,156,832",6.9272,6.9192,Oct-22,17
590,"201,420,997",10.0551,6.6066,Jul-23,1
591,"662,139,616",6.0790,6.6066,Jul-23,2
592,"367,646,903",5.5584,6.6066,Jul-23,3
593,"293,461,406",5.0651,6.6066,Jul-23,4
594,"148,214,894",9.7166,6.6066,Jul-23,5
595,"11,669,760",3.1318,6.6066,Jul-23,6
596,"148,800,000",4.7212,6.6066,Jul-23,7
597,"228,775,000",3.9634,6.6066,Jul-23,47
598,"49,104,000",5.2671,6.6066,Jul-23,8
599,"105,561,000",5.0430,6.6066,Jul-23,29
600,"38,433,000",5.5294,6.6066,Jul-23,10
601,"9,798,440",4.8764,6.6066,Jul-23,11
602,-,-,6.6066,Jul-23,12
603,"357,120,000",6.5726,6.6066,Jul-23,34
604,"231,288,000",8.6559,6.6066,Jul-23,14
605,"493,933,602",8.2774,6.6066,Jul-23,16
606,"3,351,174,254",6.6107,6.6066,Jul-23,17
607,"265,322,922",10.5459,6.7756,Jul-22,1
608,"719,147,653",6.6372,6.7756,Jul-22,2
609,"389,351,105",5.4165,6.7756,Jul-22,3
610,"299,752,582",5.2183,6.7756,Jul-22,4
611,"283,356,194",9.9878,6.7756,Jul-22,5
612,"148,800,000",4.8251,6.7756,Jul-22,7
613,"192,901,000",4.3849,6.7756,Jul-22,22
614,"391,647,000",4.8586,6.7756,Jul-22,28
615,"49,104,000",5.7939,6.7756,Jul-22,8
616,"110,901,000",6.6737,6.7756,Jul-22,29
617,"38,242,000",5.5940,6.7756,Jul-22,30
618,"96,844,093",3.3964,6.7756,Jul-22,31
619,"224,878,597",10.8902,6.7756,Jul-22,27
620,"3,215,412,541",6.7392,6.7756,Jul-22,17
621,"199,620,000",6.6614,4.5191,Sep-19,1
622,"589,205,663",5.2213,4.5191,Sep-19,2
623,"311,068,621",4.8821,4.5191,Sep-19,3
625,"138,364,110",5.0901,4.5191,Sep-19,19
626,"258,121,000",5.4560,4.5191,Sep-19,20
627,"143,480,000",5.3966,4.5191,Sep-19,21
628,"163,930,000",5.8765,4.5191,Sep-19,22
629,"215,905,463",5.1490,4.5191,Sep-19,4
630,"285,933,727",1.7878,4.5191,Sep-19,5
631,"44,834,577",7.2991,4.5191,Sep-19,31
633,"477,744,030",2.1844,4.5191,Sep-19,27
634,"2,829,138,824",4.5139,4.5191,Sep-19,17
635,"220,705,000",5.7791,4.3344,Jul-20,1
636,"610,397,898",4.4073,4.3344,Jul-20,2
637,"170,342,286",5.4431,4.3344,Jul-20,3
638,"148,786,337",3.3379,4.3344,Jul-20,21
639,"208,505,279",4.5306,4.3344,Jul-20,4
640,"213,941,843",3.8772,4.3344,Jul-20,5
641,"148,800,000",4.5764,4.3344,Jul-20,7
642,"200,747,000",4.1282,4.3344,Jul-20,22
643,"408,945,900",4.1289,4.3344,Jul-20,28
644,"23,760,000",5.8970,4.3344,Jul-20,8
645,"129,456,000",4.0459,4.3344,Jul-20,29
646,"53,595,545",4.0213,4.3344,Jul-20,31
647,"480,995,748",3.5410,4.3344,Jul-20,27
648,"3,020,173,820",4.2871,4.3344,Jul-20,17
649,"304,535,000",5.2224,5.5508,May-19,1
650,"655,001,231",4.9866,5.5508,May-19,2
651,"347,700,694",4.7533,5.5508,May-19,3
653,"179,330,000",4.8239,5.5508,May-19,19
654,"658,319,000",4.7842,5.5508,May-19,20
655,"250,000",32.4475,5.5508,May-19,21
656,"184,437,030",5.1555,5.5508,May-19,22
657,"706,141",5.0056,5.5508,May-19,25
658,"34,125,000",4.5671,5.5508,May-19,26
659,"285,025,363",4.3809,5.5508,May-19,4
660,,,5.5508,May-19,33
662,"368,835,505",10.4733,5.5508,May-19,27
663,"3,019,323,563",5.5447,5.5508,May-19,17
664,"223,049,770",9.2011,6.8344,May-24,1
665,"608,851,326",6.6321,6.8344,May-24,2
666,"368,116,280",6.0765,6.8344,May-24,3
667,"335,934,511",5.9359,6.8344,May-24,5
668,"14,390,585",3.3121,6.8344,May-24,6
669,"148,800,000",4.5166,6.8344,May-24,7
670,"49,104,000",5.0473,6.8344,May-24,8
671,"115,710,000",5.2674,6.8344,May-24,9
672,"38,316,000",5.5294,6.8344,May-24,10
673,"11,625,124",0.5881,6.8344,May-24,11
674,-,-,6.8344,May-24,12
675,"584,072,696",7.6551,6.8344,May-24,39
676,"1,062,383,620",7.3037,6.8344,May-24,16
677,"3,566,199,721",6.8361,6.8344,May-24,17
678,"284,345,700",5.0208,5.0523,May-18,1
679,"636,052,000",4.6083,5.0523,May-18,2
680,"321,117,000",4.6875,5.0523,May-18,3
681,"145,236,900",4.1079,5.0523,May-18,18
682,"137,460,000",5.7599,5.0523,May-18,19
683,"365,845,760",4.6604,5.0523,May-18,20
684,"21,850,000",7.1583,5.0523,May-18,21
685,"182,471,310",5.9543,5.0523,May-18,22
686,"20,063,022",12.8895,5.0523,May-18,23
687,"188,348",5.0056,5.0523,May-18,25
688,"43,295,000",5.3751,5.0523,May-18,26
689,"610,172,868",5.3635,5.0523,May-18,27
690,"2,768,344,527",5.0451,5.0523,May-18,17
691,"313,150,000",4.5296,4.8707,Jul-21,1
692,"622,880,521",4.8304,4.8707,Jul-21,2
693,"313,605,702",4.3452,4.8707,Jul-21,3
695,"253,814,064",4.4355,4.8707,Jul-21,4
696,"336,259,385",4.4910,4.8707,Jul-21,5
697,"148,800,000",5.3483,4.8707,Jul-21,7
698,"213,602,400",3.9984,4.8707,Jul-21,22
699,"433,680,000",4.1395,4.8707,Jul-21,28
700,"49,104,000",6.4800,4.8707,Jul-21,8
701,"129,456,000",3.8658,4.8707,Jul-21,29
702,"44,640,000",5.4552,4.8707,Jul-21,30
703,"55,829,198",3.6296,4.8707,Jul-21,31
705,"246,505,212",8.7424,4.8707,Jul-21,27
706,"3,162,553,962",4.8364,4.8707,Jul-21,17
707,"209,834,600",6.4574,5.2719,Sep-18,1
708,"565,613,000",5.2997,5.2719,Sep-18,2
709,"328,021,000",5.0165,5.2719,Sep-18,3
710,"183,300,000",4.1399,5.2719,Sep-18,18
711,"32,420,000",16.4591,5.2719,Sep-18,19
712,"414,548,000",5.6717,5.2719,Sep-18,20
713,"118,198,000",7.0179,5.2719,Sep-18,21
714,"128,664,000",7.8325,5.2719,Sep-18,22
715,"265,021",5.0056,5.2719,Sep-18,25
716,"28,805,000",7.0214,5.2719,Sep-18,26
717,"157,758,319",6.0823,5.2719,Sep-18,4
718,"571,696,004",3.1151,5.2719,Sep-18,27
719,"2,739,347,204",5.2656,5.2719,Sep-18,17
720,"153,008,000",6.6486,4.0860,Sep-20,1
721,"492,054,514",4.2531,4.0860,Sep-20,2
722,"265,408,822",4.1220,4.0860,Sep-20,3
724,"137,145,000",3.6665,4.0860,Sep-20,21
725,"199,981,366",4.2589,4.0860,Sep-20,4
726,"283,204,641",3.8020,4.0860,Sep-20,5
727,"148,800,000",4.3265,4.0860,Sep-20,7
728,"194,917,000",4.1396,4.0860,Sep-20,22
729,"395,430,000",4.1420,4.0860,Sep-20,28
730,"18,819,000",6.4800,4.0860,Sep-20,8
731,"49,861,000",5.2459,4.0860,Sep-20,29
732,"13,855,000",4.2366,4.0860,Sep-20,30
733,"42,038,284",2.9383,4.0860,Sep-20,31
735,"314,429,414",2.4063,4.0860,Sep-20,27
736,"2,709,857,560",4.0777,4.0860,Sep-20,17
737,"302,249,600",5.3027,5.4227,Jul-19,1
738,"703,017,069",4.6312,5.4227,Jul-19,2
739,"326,104,218",4.7437,5.4227,Jul-19,3
741,"188,560,000",4.3948,5.4227,Jul-19,19
742,"612,116,120",4.8489,5.4227,Jul-19,20
743,"176,075,000",4.8297,5.4227,Jul-19,21
744,"220,915,000",5.0377,5.4227,Jul-19,22
745,"721,827",5.0056,5.4227,Jul-19,25
746,"45,500,000",4.7303,5.4227,Jul-19,26
747,"273,739,852",4.1753,5.4227,Jul-19,4
748,"49,568,450",2.7917,5.4227,Jul-19,5
749,"12,193,315",18.6256,5.4227,Jul-19,32
750,"46,002,496",9.6517,5.4227,Jul-19,23
751,,,5.4227,Jul-19,33
753,"261,510,587",12.0427,5.4227,Jul-19,27
754,"3,219,286,386",5.4206,5.4227,Jul-19,17
755,"225,486,000",5.8233,4.3848,May-20,1
756,"605,540,056",4.5166,4.3848,May-20,2
757,"329,957,762",4.2118,4.3848,May-20,3
758,"123,643,300",3.6183,4.3848,May-20,21
759,"167,800,594",4.6579,4.3848,May-20,4
760,"287,989,398",4.0176,4.3848,May-20,5
761,"117,141,000",4.2366,4.3848,May-20,7
762,"192,846,500",4.0375,4.3848,May-20,22
763,"392,817,200",4.0459,4.3848,May-20,28
764,-,-,4.3848,May-20,8
765,-,-,4.3848,May-20,29
766,"48,990,621",5.5302,4.3848,May-20,31
767,"48,182,040",5.0081,4.3848,May-20,27
768,"2,541,255,780",4.4089,4.3848,May-20,17
769,"240,785,000",5.0420,4.5474,May-21,1
770,"584,185,290",4.4272,4.5474,May-21,2
771,"339,748,156",4.0489,4.5474,May-21,3
772,"159,720,475",4.7152,4.5474,May-21,4
773,"326,093,382",4.0934,4.5474,May-21,5
774,"147,400,000",5.3355,4.5474,May-21,7
775,"196,420,000",4.1405,4.5474,May-21,22
776,"398,780,000",4.1998,4.5474,May-21,28
777,"49,104,000",5.6735,4.5474,May-21,8
778,"127,400,000",5.3172,4.5474,May-21,29
779,"43,931,000",5.3487,4.5474,May-21,30
780,"49,167,663",4.1542,4.5474,May-21,31
781,"197,453,007",4.8287,4.5474,May-21,27
782,"2,861,357,902",4.5056,4.5474,May-21,17
783,"204,260,300",6.5388,5.2651,Jul-18,1
784,"633,616,000",4.8583,5.2651,Jul-18,2
785,"259,602,000",5.3017,5.2651,Jul-18,3
786,"186,000,000",3.8555,5.2651,Jul-18,18
787,"166,360,000",5.2757,5.2651,Jul-18,19
788,"590,642,510",4.7753,5.2651,Jul-18,20
789,"168,954,000",5.1904,5.2651,Jul-18,21
790,"224,440,000",5.2417,5.2651,Jul-18,22
791,"18,827,737",13.9343,5.2651,Jul-18,23
792,"268,915",5.0056,5.2651,Jul-18,25
793,"43,365,000",5.3410,5.2651,Jul-18,26
794,"374,658,052",6.2940,5.2651,Jul-18,27
795,"2,871,244,581",5.2638,5.2651,Jul-18,17
796,"157,592,300",7.6870,5.0439,Sep-21,1
797,"609,289,561",5.1644,5.0439,Sep-21,2
798,"284,539,857",4.8875,5.0439,Sep-21,3
800,"176,504,259",5.3324,5.0439,Sep-21,4
801,"304,128,675",5.1654,5.0439,Sep-21,5
802,"148,800,000",3.9894,5.0439,Sep-21,7
803,"200,121,000",3.8718,5.0439,Sep-21,22
804,"406,306,000",4.1314,5.0439,Sep-21,28
805,"49,104,000",5.2698,5.0439,Sep-21,8
806,"123,630,000",5.5393,5.0439,Sep-21,29
807,"37,968,000",5.3533,5.0439,Sep-21,30
808,"71,984,391",4.4296,5.0439,Sep-21,31
810,"285,003,991",5.3017,5.0439,Sep-21,27
811,"2,855,944,835",5.0033,5.0439,Sep-21,17
812,"188,659,824",9.8309,7.0057,Jul-24,1
813,"573,932,135",6.7726,7.0057,Jul-24,2
814,"256,704,602",7.0193,7.0057,Jul-24,3
815,"320,277,530",6.1038,7.0057,Jul-24,5
816,"13,595,817",3.3116,7.0057,Jul-24,6
817,"148,800,000",4.7446,7.0057,Jul-24,7
818,"49,104,000",5.2794,7.0057,Jul-24,8
819,"116,870,000",5.0876,7.0057,Jul-24,9
820,"35,177,000",5.6503,7.0057,Jul-24,10
821,"9,630,340",4.9607,7.0057,Jul-24,11
822,-,-,7.0057,Jul-24,12
823,"521,353,304",7.4963,7.0057,Jul-24,39
824,"129,987,693",7.1810,7.0057,Jul-24,48
825,"15,166,626",6.4387,7.0057,Jul-24,49
826,"1,246,199,634",8.8396,7.0057,Jul-24,16
827,"3,630,787,197",7.5396,7.0057,Jul-24,17
828,"191,041,131",11.5825,6.8252,Sep-23,1
829,"619,666,850",6.5025,6.8252,Sep-23,2
830,"364,768,971",5.8863,6.8252,Sep-23,3
831,"231,227,285",5.4482,6.8252,Sep-23,4
832,"255,898,088",9.8947,6.8252,Sep-23,5
833,"9,597,170",3.1910,6.8252,Sep-23,6
834,"148,800,000",4.4601,6.8252,Sep-23,7
835,-,-,6.8252,Sep-23,37
836,"49,104,000",5.0007,6.8252,Sep-23,8
837,"103,920,000",5.3545,6.8252,Sep-23,29
838,"36,611,000",5.5294,6.8252,Sep-23,10
839,"8,933,106",4.8716,6.8252,Sep-23,11
840,-,-,6.8252,Sep-23,12
841,"284,891,580",9.0296,6.8252,Sep-23,34
842,"146,969,675",6.2100,6.8252,Sep-23,14
843,"792,620,780",6.0767,6.8252,Sep-23,16
844,"3,245,646,752",6.8266,6.8252,Sep-23,17
845,"176,328,968",14.6335,7.6697,May-23,1
846,"587,541,208",6.5039,7.6697,May-23,2
847,"349,793,553",5.9756,7.6697,May-23,3
849,"231,852,716",5.3080,7.6697,May-23,4
850,"226,003,155",11.3266,7.6697,May-23,5
851,"12,012,188",3.2469,7.6697,May-23,6
852,"146,517,000",4.6507,7.6697,May-23,7
853,"202,939,000",4.2041,7.6697,May-23,22
854,"49,104,000",5.1233,7.6697,May-23,8
855,"106,751,000",5.2607,7.6697,May-23,29
856,"38,802,000",5.4126,7.6697,May-23,10
857,"11,029,396",4.7552,7.6697,May-23,11
858,-,-,7.6697,May-23,12
859,-,-,7.6697,May-23,38
860,"331,200,000",8.5479,7.6697,May-23,34
861,"113,974,008",9.6839,7.6697,May-23,14
863,"581,998,799",8.9184,7.6697,May-23,16
864,"3,164,283,472",7.6677,7.6697,May-23,17
865,"317,109,696",6.7245,6.2277,May-22,1
866,"555,181,294",7.2211,6.2277,May-22,2
867,"340,842,262",6.5570,6.2277,May-22,3
868,"184,847,073",6.2027,6.2277,May-22,4
869,"231,413,010",8.9785,6.2277,May-22,5
870,"148,800,000",4.5826,6.2277,May-22,7
871,"194,451,000",4.4599,6.2277,May-22,22
872,"394,792,000",4.2476,6.2277,May-22,28
873,"49,104,000",5.9087,6.2277,May-22,8
874,"115,145,000",5.2421,6.2277,May-22,29
875,"35,851,000",5.4933,6.2277,May-22,30
876,"89,758,514",3.6102,6.2277,May-22,31
877,"316,097,304",6.4865,6.2277,May-22,27
878,"2,975,308,692",6.1852,6.2277,May-22,17
879,"184,204,410",13.3410,6.9393,Sep-22,1
880,"662,460,555",7.7348,6.9393,Sep-22,2
881,"373,019,849",6.7161,6.9393,Sep-22,3
882,"229,274,220",6.0558,6.9393,Sep-22,4
883,"217,154,013",12.1616,6.9393,Sep-22,5
884,"148,800,000",4.4491,6.9393,Sep-22,7
885,"189,069,000",3.7477,6.9393,Sep-22,22
886,"383,946,000",4.2718,6.9393,Sep-22,28
887,"49,104,000",5.0270,6.9393,Sep-22,8
888,"99,998,000",5.3463,6.9393,Sep-22,29
889,"33,800,000",5.4126,6.9393,Sep-22,50
890,"70,166,337",2.4941,6.9393,Sep-22,36
891,"291,231,403",7.1862,6.9393,Sep-22,27
892,"2,934,796,998",6.9406,6.9393,Sep-22,17
893,"13,048,800",59.7196,0.1541,Mar-18,1
894,"591,630,000",4.6576,0.1541,Mar-18,2
895,"311,120,000",4.7000,0.1541,Mar-18,3
896,"98,459,204",4.4582,0.1541,Mar-18,18
897,"155,300,000",5.8239,0.1541,Mar-18,19
898,"462,303,500",4.4578,0.1541,Mar-18,20
899,"180,718,000",5.1165,0.1541,Mar-18,21
900,"219,085,000",5.2722,0.1541,Mar-18,22
901,"17,010,330",13.3816,0.1541,Mar-18,23
902,"4,172,000",8.4406,0.1541,Mar-18,24
903,"269,409",5.0056,0.1541,Mar-18,25
904,"42,490,000",4.9874,0.1541,Mar-18,26
905,"493,408,908",4.7333,0.1541,Mar-18,27
906,"2,589,219,530",5.1342,0.1541,Mar-18,17
907,"82,558,793",16.3620,6.7502,Mar-24,1
908,"527,005,312",7.6579,6.7502,Mar-24,2
909,"188,819,240",8.2732,6.7502,Mar-24,3
910,"160,273,137",7.7547,6.7502,Mar-24,4
911,"229,623,300",7.9438,6.7502,Mar-24,5
912,"12,469,457",3.3121,6.7502,Mar-24,6
913,"147,653,000",4.0067,6.7502,Mar-24,7
914,"49,104,000",4.4973,6.7502,Mar-24,8
915,"112,154,000",5.2519,6.7502,Mar-24,9
916,"30,666,000",5.5294,6.7502,Mar-24,10
917,"10,416,316",4.8471,6.7502,Mar-24,11
918,-,-,6.7502,Mar-24,12
919,"319,500,616",7.9183,6.7502,Mar-24,13
920,"202,054,000",5.9862,6.7502,Mar-24,14
921,"219,256,736",6.6506,6.7502,Mar-24,15
922,"627,193,796",4.5010,6.7502,Mar-24,16
923,"2,923,167,999",6.7491,6.7502,Mar-24,17
924,"258,944,700",5.8392,5.2725,Nov-18,1
925,"629,927,000",5.2029,5.2725,Nov-18,2
926,"324,199,000",5.1782,5.2725,Nov-18,3
928,"180,000,000",4.2030,5.2725,Nov-18,42
929,"57,280,560",10.3589,5.2725,Nov-18,19
930,"504,142,000",5.2901,5.2725,Nov-18,20
931,"124,896,000",6.7847,5.2725,Nov-18,21
932,,,5.2725,Nov-18,22
933,"447,073",5.0056,5.2725,Nov-18,25
934,"27,755,000",6.9722,5.2725,Nov-18,26
935,"268,780,721",4.4415,5.2725,Nov-18,4
937,"473,701,100",4.7677,5.2725,Nov-18,27
938,"2,850,444,704",5.2678,5.2725,Nov-18,17
939,"162,748,000",6.7125,4.4574,Jan-21,1
940,"528,079,147",4.0053,4.4574,Jan-21,2
941,"254,508,285",4.1154,4.4574,Jan-21,3
942,"84,835,000",4.9778,4.4574,Jan-21,21
943,"152,721,668",5.7000,4.4574,Jan-21,4
944,"303,580,598",4.3207,4.4574,Jan-21,5
945,"144,000,000",4.0996,4.4574,Jan-21,7
946,"171,872,949",4.5172,4.4574,Jan-21,22
947,"354,487,606",4.5115,4.4574,Jan-21,28
948,"47,520,000",5.0247,4.4574,Jan-21,8
949,"95,320,386",5.5978,4.4574,Jan-21,29
950,"32,500,000",5.1908,4.4574,Jan-21,30
951,"41,691,598",3.7506,4.4574,Jan-21,31
952,"160,634,766",1.4852,4.4574,Jan-21,27
953,"2,535,057,553",4.4038,4.4574,Jan-21,17
954,"212,619,800",6.5819,4.9039,Jan-20,1
955,"578,667,769",5.0242,4.9039,Jan-20,2
956,"295,980,039",4.6798,4.9039,Jan-20,3
958,"134,496,350",5.4658,4.9039,Jan-20,19
959,"446,644,890",3.1773,4.9039,Jan-20,20
960,"149,370,066",3.9001,4.9039,Jan-20,21
961,"14,630,000",4.0689,4.9039,Jan-20,22
962,"228,834,542",4.4767,4.9039,Jan-20,4
963,"256,079,291",3.9219,4.9039,Jan-20,5
964,"71,718,125",4.8933,4.9039,Jan-20,31
966,"247,388,513",8.2400,4.9039,Jan-20,27
967,"2,637,537,845",4.8943,4.9039,Jan-20,17
968,"233,454,000",5.8160,5.0317,Nov-19,1
969,"592,589,141",5.1109,5.0317,Nov-19,2
970,"321,460,087",4.8737,5.0317,Nov-19,3
972,"175,438,610",3.9863,5.0317,Nov-19,19
973,"292,739,780",5.3171,5.0317,Nov-19,20
974,"154,807,507",4.5599,5.0317,Nov-19,21
975,"129,260,300",5.1840,5.0317,Nov-19,22
976,"195,780,704",4.8607,5.0317,Nov-19,4
977,"291,099,373",3.9699,5.0317,Nov-19,5
978,"63,978,284",6.9063,5.0317,Nov-19,31
980,"468,840,336",5.4570,5.0317,Nov-19,27
981,"2,920,711,187",5.0313,5.0317,Nov-19,17
982,"140,381,400",8.1901,5.5973,Mar-19,1
983,"555,498,848",5.2928,5.5973,Mar-19,2
984,"303,034,509",5.1143,5.5973,Mar-19,3
986,"128,304,160",5.8144,5.5973,Mar-19,19
987,"442,828,750",5.6638,5.5973,Mar-19,20
988,"136,290,000",6.0210,5.5973,Mar-19,21
989,"155,728,000",6.6749,5.5973,Mar-19,22
990,"896,263",4.2019,5.5973,Mar-19,25
991,"28,240,000",6.7868,5.5973,Mar-19,26
992,"289,490,286",4.2616,5.5973,Mar-19,4
994,"291,423,466",5.6563,5.5973,Mar-19,27
995,"2,472,539,785",5.5950,5.5973,Mar-19,17
996,"254,099,800",6.0234,5.4262,Jan-22,1
997,"487,135,194",6.5247,5.4262,Jan-22,2
998,"305,265,968",5.2292,5.4262,Jan-22,3
999,"186,569,506",4.7150,5.4262,Jan-22,4
1000,"105,297,188",6.4272,5.4262,Jan-22,5
1001,"144,000,000",3.9379,5.4262,Jan-22,7
1002,"160,433,000",3.9930,5.4262,Jan-22,22
1003,"325,639,000",4.1371,5.4262,Jan-22,28
1004,"47,520,000",4.3405,5.4262,Jan-22,8
1005,"104,128,000",4.9552,5.4262,Jan-22,29
1006,"32,200,000",5.2998,5.4262,Jan-22,30
1007,"71,451,720",3.0231,5.4262,Jan-22,31
1008,"309,350,269",6.5891,5.4262,Jan-22,27
1009,"2,534,197,784",5.3842,5.4262,Jan-22,17
1010,"284,369,959",11.8132,7.1291,Jan-23,1
1011,"623,571,864",7.3833,7.1291,Jan-23,2
1012,"371,195,417",6.3635,7.1291,Jan-23,3
1013,"265,098,764",5.7483,7.1291,Jan-23,4
1014,"186,347,493",9.2769,7.1291,Jan-23,5
1015,"144,000,000",4.4205,7.1291,Jan-23,7
1016,"183,793,000",3.9905,7.1291,Jan-23,22
1017,"147,960,000",4.0394,7.1291,Jan-23,28
1018,"47,520,000",4.4898,7.1291,Jan-23,8
1019,"114,530,000",4.9645,7.1291,Jan-23,29
1020,"39,470,000",5.4126,7.1291,Jan-23,10
1021,"14,398,000",2.4478,7.1291,Jan-23,26
1022,"78,021,821",5.9600,7.1291,Jan-23,38
1023,"17,588,631",3.8848,7.1291,Jan-23,31
1024,"245,339,008",10.4854,7.1291,Jan-23,16
1025,"2,764,942,800",7.1228,7.1291,Jan-23,17
1026,"79,498,901",10.5778,5.4737,Mar-22,1
1027,"696,094,982",4.9742,5.4737,Mar-22,2
1028,"112,602,306",7.9109,5.4737,Mar-22,3
1030,"147,009,550",4.8965,5.4737,Mar-22,4
1031,"305,199,568",6.0569,5.4737,Mar-22,5
1032,"148,800,000",3.8020,5.4737,Mar-22,7
1033,"197,038,500",4.1076,5.4737,Mar-22,22
1034,"400,047,500",4.2188,5.4737,Mar-22,28
1035,"49,104,000",4.9876,5.4737,Mar-22,8
1036,"118,030,000",4.9063,5.4737,Mar-22,29
1037,"35,346,000",5.4960,5.4737,Mar-22,30
1038,"50,606,764",4.7687,5.4737,Mar-22,31
1040,"378,406,934",6.8825,5.4737,Mar-22,27
1041,"2,719,158,207",5.4324,5.4737,Mar-22,17
1042,"264,480,673",11.9906,6.9917,Nov-22,1
1043,"688,052,410",6.5365,6.9917,Nov-22,2
1044,"364,521,965",6.4604,6.9917,Nov-22,3
1045,"156,470,494",6.5732,6.9917,Nov-22,4
1046,"288,452,868",11.6459,6.9917,Nov-22,5
1047,"144,000,000",4.4382,6.9917,Nov-22,7
1048,"200,498,000",4.0012,6.9917,Nov-22,22
1049,"393,302,000",4.2455,6.9917,Nov-22,28
1050,"47,520,000",5.0071,6.9917,Nov-22,8
1051,"116,644,000",5.0854,6.9917,Nov-22,29
1052,"40,511,000",5.4126,6.9917,Nov-22,10
1053,"50,124,000",1.5664,6.9917,Nov-22,26
1054,"18,739,550",2.4238,6.9917,Nov-22,31
1055,"167,651,924",11.2031,6.9917,Nov-22,16
1056,"2,942,860,574",6.9960,6.9917,Nov-22,17
1057,"205,557,571",10.6912,7.1938,Nov-23,1
1058,"479,418,181",7.1687,7.1938,Nov-23,2
1059,"313,195,169",6.5694,7.1938,Nov-23,3
1060,"235,023,893",5.5077,7.1938,Nov-23,4
1061,"247,467,754",8.2915,7.1938,Nov-23,5
1062,"10,183,214",3.2740,7.1938,Nov-23,6
1063,"144,000,000",4.4450,7.1938,Nov-23,7
1064,"47,520,000",5.0890,7.1938,Nov-23,8
1065,"110,026,000",5.0805,7.1938,Nov-23,29
1066,"34,348,000",5.5294,7.1938,Nov-23,10
1067,"8,339,680",4.8678,7.1938,Nov-23,11
1068,-,-,7.1938,Nov-23,12
1069,"329,027,927",8.3815,7.1938,Nov-23,13
1070,"243,896,333",6.1502,7.1938,Nov-23,14
1071,"226,022,137",8.5858,7.1938,Nov-23,15
1072,"439,762,420",7.2225,7.1938,Nov-23,16
1073,"3,074,948,903",7.1953,7.1938,Nov-23,17
1074,"32,386,307",28.6708,7.3790,Mar-23,1
1075,"616,028,755",7.6759,7.3790,Mar-23,2
1076,"310,990,836",7.5863,7.3790,Mar-23,3
1077,"146,432,316",5.2840,7.3790,Mar-23,4
1078,"249,797,111",12.1100,7.3790,Mar-23,5
1079,"12,094,033",3.1754,7.3790,Mar-23,6
1080,"148,800,000",3.7415,7.3790,Mar-23,7
1081,"230,424,000",4.2049,7.3790,Mar-23,22
1082,"49,104,000",4.9876,7.3790,Mar-23,8
1083,"129,456,000",4.5836,7.3790,Mar-23,29
1084,"44,640,000",5.4126,7.3790,Mar-23,10
1085,"10,804,004",4.7329,7.3790,Mar-23,11
1086,-,-,7.3790,Mar-23,12
1087,"160,176,557",5.8987,7.3790,Mar-23,38
1088,"601,375,819",8.2279,7.3790,Mar-23,16
1089,"2,739,039,858",7.3748,7.3790,Mar-23,17
1090,"159,183,300",6.7187,4.3749,Mar-21,1
1091,"440,995,861",4.6419,4.3749,Mar-21,2
1092,"295,327,965",4.1387,4.3749,Mar-21,3
1094,"55,759,025",6.3496,4.3749,Mar-21,4
1095,"304,357,404",4.0763,4.3749,Mar-21,5
1096,"148,800,000",4.3255,4.3749,Mar-21,7
1097,"184,210,000",4.2367,4.3749,Mar-21,22
1098,"374,000,000",4.2367,4.3749,Mar-21,28
1099,"49,104,000",4.9873,4.3749,Mar-21,8
1100,"109,740,000",4.7963,4.3749,Mar-21,29
1101,"37,835,000",5.1908,4.3749,Mar-21,30
1102,"51,696,259",4.0516,4.3749,Mar-21,31
1104,"291,962,683",2.4609,4.3749,Mar-21,27
1105,"2,504,002,801",4.3299,4.3749,Mar-21,17
1106,"298,785,000",5.7913,5.3346,Nov-21,1
1107,"434,740,891",6.2549,5.3346,Nov-21,2
1108,"302,362,715",6.6396,5.3346,Nov-21,3
1110,"36,272,999",5.1330,5.3346,Nov-21,4
1111,"289,607,795",5.4913,5.3346,Nov-21,5
1112,"144,000,000",3.9920,5.3346,Nov-21,7
1113,"195,944,000",4.0864,5.3346,Nov-21,22
1114,"397,838,000",4.3934,5.3346,Nov-21,28
1115,"47,520,000",3.4947,5.3346,Nov-21,8
1116,"120,428,000",4.9045,5.3346,Nov-21,29
1117,"35,681,000",5.2890,5.3346,Nov-21,30
1118,"83,299,641",5.3447,5.3346,Nov-21,31
1120,"385,801,920",5.8029,5.3346,Nov-21,27
1121,"2,773,223,788",5.2974,5.3346,Nov-21,17
1122,"156,530,977",10.6665,6.6468,Jan-24,1
1123,"613,744,001",6.8637,6.6468,Jan-24,2
1124,"299,999,782",6.6908,6.6468,Jan-24,3
1125,"193,778,282",6.5980,6.6468,Jan-24,4
1126,"8,562,862",9.3449,6.6468,Jan-24,5
1127,"10,095,419",3.3121,6.6468,Jan-24,6
1128,"138,560,000",4.5596,6.6468,Jan-24,7
1129,"47,520,000",4.8653,6.6468,Jan-24,8
1130,"98,079,000",5.4535,6.6468,Jan-24,29
1131,"30,586,000",5.5294,6.6468,Jan-24,10
1132,"8,799,860",4.8613,6.6468,Jan-24,11
1133,-,-,6.6468,Jan-24,12
1134,"308,979,240",8.6666,6.6468,Jan-24,13
1135,"203,543,000",6.2040,6.6468,Jan-24,14
1136,"212,034,540",7.7188,6.6468,Jan-24,15
1137,"600,422,981",5.0212,6.6468,Jan-24,16
1138,"2,934,129,522",6.6431,6.6468,Jan-24,17
1139,"195,770,000",6.2208,4.0768,Jan-18,1
1140,"561,646,000",4.4850,4.0768,Jan-18,2
1141,"263,009,000",4.5398,4.0768,Jan-18,3
1142,"173,400,000",3.9010,4.0768,Jan-18,18
1143,"100,965,000",6.2412,4.0768,Jan-18,19
1144,"526,366,750",2.7171,4.0768,Jan-18,20
1145,"138,598,000",2.6058,4.0768,Jan-18,21
1146,"24,670,380",7.9654,4.0768,Jan-18,22
1147,"8,974,075",19.2496,4.0768,Jan-18,23
1148,"225,000",8.7049,4.0768,Jan-18,41
1149,"448,000",37.6128,4.0768,Jan-18,24
1150,"34,413",5.0056,4.0768,Jan-18,25
1151,"34,233,500",5.7619,4.0768,Jan-18,26
1152,"483,834,896",3.2933,4.0768,Jan-18,27
1153,"2,512,343,437",4.0633,4.0768,Jan-18,17
1154,"182,452,200",7.2023,4.9119,Jan-19,1
1155,"605,870,383",5.2430,4.9119,Jan-19,2
1156,"290,688,414",5.3201,4.9119,Jan-19,3
1157,"173,700,000",4.1232,4.9119,Jan-19,42
1158,"94,140,000",6.9598,4.9119,Jan-19,19
1159,"413,492,000",3.3733,4.9119,Jan-19,20
1160,"106,432,000",3.7180,4.9119,Jan-19,21
1161,"131,386,870",7.4203,4.9119,Jan-19,22
1162,"713,698",5.0056,4.9119,Jan-19,25
1163,"27,381,080",5.7027,4.9119,Jan-19,26
1164,"89,042,479",6.3511,4.9119,Jan-19,4
1165,"455,061,835",3.7244,4.9119,Jan-19,27
1166,"2,570,666,728",4.8998,4.9119,Jan-19,17
1167,"176,762,000",6.2045,4.2018,Nov-20,1
1168,"458,622,109",4.3275,4.2018,Nov-20,2
1169,"307,191,499",3.8253,4.2018,Nov-20,3
1170,"136,885,000",3.5366,4.2018,Nov-20,21
1171,"33,597,776",9.9910,4.2018,Nov-20,4
1172,"315,622,511",3.8046,4.2018,Nov-20,5
1173,"144,000,000",5.2567,4.2018,Nov-20,7
1174,"185,330,000",4.0946,4.2018,Nov-20,22
1175,"376,270,000",4.1284,4.2018,Nov-20,28
1176,"47,520,000",5.9166,4.2018,Nov-20,8
1177,"122,302,000",4.8567,4.2018,Nov-20,29
1178,"35,110,000",4.2366,4.2018,Nov-20,30
1179,"40,038,388",5.7906,4.2018,Nov-20,31
1180,"328,461,580",2.2868,4.2018,Nov-20,27
1181,"2,708,332,474",4.1929,4.2018,Nov-20,17
1182,"29,151,300",28.4416,4.6632,Mar-20,1
1183,"564,231,679",4.8006,4.6632,Mar-20,2
1184,"325,769,044",4.4388,4.6632,Mar-20,3
1185,"184,859,707",3.4692,4.6632,Mar-20,21
1186,"222,709,045",4.7643,4.6632,Mar-20,4
1187,"103,478,689",3.7236,4.6632,Mar-20,5
1188,"105,125,000",4.2366,4.6632,Mar-20,7
1189,"175,243,000",4.0527,4.6632,Mar-20,22
1190,"359,176,000",4.0459,4.6632,Mar-20,20
1191,"33,420,000",4.2366,4.6632,Mar-20,8
1192,"53,847,830",6.4593,4.6632,Mar-20,31
1193,"439,660,048",4.1008,4.6632,Mar-20,27
1194,"2,597,286,469",4.6107,4.6632,Mar-20,17
